"id_rgpd","region","departement","arrondissement","commune","quartier","village","concession","menage","nombre_hommes","nombre_femmes","population"
"1","DAKAR","DAKAR","AR. DAKAR-PLATEAU","GOREE",NULL,NULL,NULL,NULL,842,849,1691
"2","DAKAR","DAKAR","AR. DAKAR-PLATEAU","DAKAR-PLATEAU",NULL,NULL,NULL,NULL,18508,16443,34951
"3","DAKAR","DAKAR","AR. DAKAR-PLATEAU","MEDINA",NULL,NULL,NULL,NULL,43893,38651,82544
"4","DAKAR","DAKAR","AR. DAKAR-PLATEAU","GUEULE TAPEE -FASS-COLOBANE",NULL,NULL,NULL,NULL,31562,27665,59227
"5","DAKAR","DAKAR","AR. DAKAR-PLATEAU","FANN/POINT E/ AMITIE",NULL,NULL,NULL,NULL,10756,9359,20115
"6","DAKAR","DAKAR","AR. GRAND-DAKAR","GRAND DAKAR",NULL,NULL,NULL,NULL,24488,22846,47334
"7","DAKAR","DAKAR","AR. GRAND-DAKAR","BISCUITERIE",NULL,NULL,NULL,NULL,39203,34822,74025
"8","DAKAR","DAKAR","AR. GRAND-DAKAR","HLM",NULL,NULL,NULL,NULL,20908,22067,42975
"9","DAKAR","DAKAR","AR. GRAND-DAKAR","HANN/ BEL AIR",NULL,NULL,NULL,NULL,43776,43132,86908
"10","DAKAR","DAKAR","AR. GRAND-DAKAR","SICAP LIBERTE",NULL,NULL,NULL,NULL,19387,21692,41079
"11","DAKAR","DAKAR","AR. GRAND-DAKAR","DIEUPPEUL DERKLE",NULL,NULL,NULL,NULL,18554,20171,38725
"12","DAKAR","DAKAR","AR. ALMADIES","OUAKAM",NULL,NULL,NULL,NULL,49116,51425,100541
"13","DAKAR","DAKAR","AR. ALMADIES","N’GOR",NULL,NULL,NULL,NULL,8927,8779,17706
"14","DAKAR","DAKAR","AR. ALMADIES","YOFF",NULL,NULL,NULL,NULL,57414,61937,119351
"15","DAKAR","DAKAR","AR. ALMADIES","MERMOZ/ SACRE -COEUR",NULL,NULL,NULL,NULL,17975,20623,38598
"16","DAKAR","DAKAR","AR. PARCELLES ASSAINIES","GRAND YOFF",NULL,NULL,NULL,NULL,91693,95082,186775
"17","DAKAR","DAKAR","AR. PARCELLES ASSAINIES","PATTE D’OIE",NULL,NULL,NULL,NULL,22500,24321,46821
"18","DAKAR","DAKAR","AR. PARCELLES ASSAINIES","PARCELLES ASSAINIES",NULL,NULL,NULL,NULL,83275,84396,167671
"19","DAKAR","DAKAR","AR. PARCELLES ASSAINIES","CAMBERENE",NULL,NULL,NULL,NULL,36338,35094,71432
"20","DAKAR","PIKINE","AR. PIKINE DAGOUDANE","PIKINE OUEST",NULL,NULL,NULL,NULL,29024,28216,57240
"21","DAKAR","PIKINE","AR. PIKINE DAGOUDANE","PIKINE EST",NULL,NULL,NULL,NULL,16932,15785,32717
"22","DAKAR","PIKINE","AR. PIKINE DAGOUDANE","PIKINE SUD",NULL,NULL,NULL,NULL,25038,24050,49088
"23","DAKAR","PIKINE","AR. PIKINE DAGOUDANE","DALIFORD",NULL,NULL,NULL,NULL,20051,19045,39096
"24","DAKAR","PIKINE","AR. PIKINE DAGOUDANE","DJIDAH THIAROYE KAO",NULL,NULL,NULL,NULL,52104,48024,100128
"25","DAKAR","PIKINE","AR. PIKINE DAGOUDANE","GUINAW RAIL NORD",NULL,NULL,NULL,NULL,15611,14692,30303
"26","DAKAR","PIKINE","AR. PIKINE DAGOUDANE","GUINAW RAIL SUD",NULL,NULL,NULL,NULL,20801,19384,40185
"27","DAKAR","PIKINE","AR. THIAROYE","THIAROYE /MER",NULL,NULL,NULL,NULL,31102,29977,61079
"28","DAKAR","PIKINE","AR. THIAROYE","DIACK SAO",NULL,NULL,NULL,NULL,21263,19629,40892
"29","DAKAR","PIKINE","AR. THIAROYE","DIAMAGUENE/SICAP M’BAO",NULL,NULL,NULL,NULL,71923,67453,139376
"30","DAKAR","PIKINE","AR. THIAROYE","THIAROYE GARE",NULL,NULL,NULL,NULL,12821,12216,25037
"31","DAKAR","PIKINE","AR. THIAROYE","M’BAO",NULL,NULL,NULL,NULL,73661,75795,149456
"32","DAKAR","RUFISQUE","AR. RUFISQUE EST","RUFISQUE NORD",NULL,NULL,NULL,NULL,64171,62082,126253
"33","DAKAR","RUFISQUE","AR. RUFISQUE EST","RUFISQUE  EST",NULL,NULL,NULL,NULL,42738,42016,84754
"34","DAKAR","RUFISQUE","AR. RUFISQUE EST","RUFISQUE OUEST",NULL,NULL,NULL,NULL,40762,43690,84452
"35","DAKAR","RUFISQUE","COM. BARGNY","COM. BARGNY",NULL,NULL,NULL,NULL,35189,34053,69242
"36","DAKAR","RUFISQUE","COM. SENDOU","COM. SENDOU",NULL,NULL,NULL,NULL,2124,1921,4045
"37","DAKAR","RUFISQUE","AR. DIAMNIADIO","YENE",NULL,NULL,NULL,NULL,18005,16887,34892
"38","DAKAR","RUFISQUE","AR. DIAMNIADIO","DIAMNIADIO",NULL,NULL,NULL,NULL,25516,22243,47759
"39","DAKAR","RUFISQUE","AR. DIAMNIADIO","SEBIKOTANE",NULL,NULL,NULL,NULL,21762,21077,42839
"40","DAKAR","RUFISQUE","AR. SANGALKAM","BAMBYLOR",NULL,NULL,NULL,NULL,31234,29866,61100
"41","DAKAR","RUFISQUE","AR. SANGALKAM","TIVAOUANE PEULH-NIAGHA",NULL,NULL,NULL,NULL,76725,75318,152043
"42","DAKAR","RUFISQUE","AR. SANGALKAM","SANGALKAM",NULL,NULL,NULL,NULL,55540,55418,110958
"43","DAKAR","GUEDIAWAYE","AR. SAM NOTAIRE","GOLF SUD",NULL,NULL,NULL,NULL,55724,58345,114069
"44","DAKAR","GUEDIAWAYE","AR. SAM NOTAIRE","SAM  NOTAIRE",NULL,NULL,NULL,NULL,40008,40558,80566
"45","DAKAR","GUEDIAWAYE","AR. WAKHINANE NIMZATT","N’DIAREME LIMAMOULAYE",NULL,NULL,NULL,NULL,17722,18302,36024
"46","DAKAR","GUEDIAWAYE","AR. WAKHINANE NIMZATT","WAKHINANE NIMZATT",NULL,NULL,NULL,NULL,53111,52350,105461
"47","DAKAR","GUEDIAWAYE","AR. WAKHINANE NIMZATT","MEDINA GOUNASS",NULL,NULL,NULL,NULL,19026,17562,36588
"48","DAKAR","KEUR MASSAR","AR. YEUMBEUL NORD","YEUMBEUL NORD",NULL,NULL,NULL,NULL,104287,100088,204375
"49","DAKAR","KEUR MASSAR","AR. YEUMBEUL NORD","YEUMBEUL SUD",NULL,NULL,NULL,NULL,55563,52506,108069
"50","DAKAR","KEUR MASSAR","AR. MALIKA","MALIKA",NULL,NULL,NULL,NULL,28305,28402,56707
"51","DAKAR","KEUR MASSAR","AR. MALIKA","KEUR MASSAR NORD",NULL,NULL,NULL,NULL,113938,110827,224765
"52","DAKAR","KEUR MASSAR","AR. JAXAAY","JAXAAY-PARCELLES",NULL,NULL,NULL,NULL,35286,35750,71036
"53","DAKAR","KEUR MASSAR","AR. JAXAAY","KEUR MASSAR SUD",NULL,NULL,NULL,NULL,52577,52785,105362
"54","ZIGUINCHOR","BIGNONA","COM. BIGNONA","COM. BIGNONA",NULL,NULL,NULL,NULL,14580,14062,28642
"55","ZIGUINCHOR","BIGNONA","COM. THIONCK-ESSYL","COM. THIONCK-ESSYL",NULL,NULL,NULL,NULL,4553,4408,8961
"56","ZIGUINCHOR","BIGNONA","AR. SINDIAN","DJIBIDIONE",NULL,NULL,NULL,NULL,4889,3970,8859
"57","ZIGUINCHOR","BIGNONA","AR. SINDIAN","OULAMPANE",NULL,NULL,NULL,NULL,7845,7064,14909
"58","ZIGUINCHOR","BIGNONA","AR. SINDIAN","SINDIAN",NULL,NULL,NULL,NULL,6103,5573,11676
"59","ZIGUINCHOR","BIGNONA","AR. SINDIAN","SUELLE",NULL,NULL,NULL,NULL,4933,4241,9174
"60","ZIGUINCHOR","BIGNONA","AR. TENDOUCK","BALINGORE",NULL,NULL,NULL,NULL,2878,2635,5513
"61","ZIGUINCHOR","BIGNONA","AR. TENDOUCK","DIEGOUNE",NULL,NULL,NULL,NULL,3755,3779,7534
"62","ZIGUINCHOR","BIGNONA","AR. TENDOUCK","KARTHIACK",NULL,NULL,NULL,NULL,4028,3934,7962
"63","ZIGUINCHOR","BIGNONA","AR. TENDOUCK","MANGAGOULACK",NULL,NULL,NULL,NULL,4406,4097,8503
"64","ZIGUINCHOR","BIGNONA","AR. TENDOUCK","MLOMP",NULL,NULL,NULL,NULL,1557,1571,3128
"65","ZIGUINCHOR","BIGNONA","AR. TENGHORY","COUBALAN",NULL,NULL,NULL,NULL,6145,6011,12156
"66","ZIGUINCHOR","BIGNONA","AR. TENGHORY","NIAMONE",NULL,NULL,NULL,NULL,4573,4212,8785
"67","ZIGUINCHOR","BIGNONA","AR. TENGHORY","OUONCK",NULL,NULL,NULL,NULL,5546,5368,10914
"68","ZIGUINCHOR","BIGNONA","AR. TENGHORY","TENGHORY",NULL,NULL,NULL,NULL,20207,19302,39509
"69","ZIGUINCHOR","BIGNONA","AR. KATABA I","DJINAKI",NULL,NULL,NULL,NULL,10115,9465,19580
"70","ZIGUINCHOR","BIGNONA","AR. KATABA I","KAFOUNTINE",NULL,NULL,NULL,NULL,22843,18747,41590
"71","ZIGUINCHOR","BIGNONA","AR. KATABA I","KATABA I",NULL,NULL,NULL,NULL,16791,15205,31996
"72","ZIGUINCHOR","BIGNONA","AR. KATABA I","COM. DIOULOULOU",NULL,NULL,NULL,NULL,4435,3674,8109
"73","ZIGUINCHOR","OUSSOUYE","COM. OUSSOUYE","COM. OUSSOUYE",NULL,NULL,NULL,NULL,2907,2798,5705
"74","ZIGUINCHOR","OUSSOUYE","AR. CABROUSSE","DJEMBERING",NULL,NULL,NULL,NULL,13792,12110,25902
"75","ZIGUINCHOR","OUSSOUYE","AR. CABROUSSE","SANTHIABA MANJACQUE",NULL,NULL,NULL,NULL,1520,1521,3041
"76","ZIGUINCHOR","OUSSOUYE","AR. LOUDIA OUOLOF","MLOMP",NULL,NULL,NULL,NULL,6050,5376,11426
"77","ZIGUINCHOR","OUSSOUYE","AR. LOUDIA OUOLOF","OUKOUT",NULL,NULL,NULL,NULL,4116,4377,8493
"78","ZIGUINCHOR","ZIGUINCHOR","COM. ZIGUINCHOR","COM. ZIGUINCHOR",NULL,NULL,NULL,NULL,109399,105475,214874
"79","ZIGUINCHOR","ZIGUINCHOR","AR. NIAGUIS","ADEANE",NULL,NULL,NULL,NULL,9981,9747,19728
"80","ZIGUINCHOR","ZIGUINCHOR","AR. NIAGUIS","BOUTOUPA CAMARACOUNDA",NULL,NULL,NULL,NULL,4588,4094,8682
"81","ZIGUINCHOR","ZIGUINCHOR","AR. NIAGUIS","NIAGUIS",NULL,NULL,NULL,NULL,10986,10685,21671
"82","ZIGUINCHOR","ZIGUINCHOR","AR. NYASSIA","ENAMPORE",NULL,NULL,NULL,NULL,2530,2347,4877
"83","ZIGUINCHOR","ZIGUINCHOR","AR. NYASSIA","NYASSIA",NULL,NULL,NULL,NULL,2932,2737,5669
"84","DIOURBEL","BAMBEY","COM. BAMBEY","COM. BAMBEY",NULL,NULL,NULL,NULL,17792,19582,37374
"85","DIOURBEL","BAMBEY","AR. BABA GARAGE","BABA GARAGE",NULL,NULL,NULL,NULL,9199,9106,18305
"86","DIOURBEL","BAMBEY","AR. BABA GARAGE","DINGUIRAYE",NULL,NULL,NULL,NULL,6222,5659,11881
"87","DIOURBEL","BAMBEY","AR. BABA GARAGE","KEUR SAMBA KANE",NULL,NULL,NULL,NULL,10336,10700,21036
"88","DIOURBEL","BAMBEY","AR. LAMBAYE","GAWANE",NULL,NULL,NULL,NULL,10317,9590,19907
"89","DIOURBEL","BAMBEY","AR. LAMBAYE","LAMBAYE",NULL,NULL,NULL,NULL,13731,16755,30486
"90","DIOURBEL","BAMBEY","AR. LAMBAYE","N’GOGOM",NULL,NULL,NULL,NULL,20151,20797,40948
"91","DIOURBEL","BAMBEY","AR. LAMBAYE","REFANE",NULL,NULL,NULL,NULL,19871,20084,39955
"92","DIOURBEL","BAMBEY","AR. N’GOYE","DANGALMA",NULL,NULL,NULL,NULL,21822,22576,44398
"93","DIOURBEL","BAMBEY","AR. N’GOYE","N’DONDOL",NULL,NULL,NULL,NULL,12189,13654,25843
"94","DIOURBEL","BAMBEY","AR. N’GOYE","N’GOYE",NULL,NULL,NULL,NULL,26184,28054,54238
"95","DIOURBEL","BAMBEY","AR. N’GOYE","THIAKAR",NULL,NULL,NULL,NULL,16386,15710,32096
"96","DIOURBEL","DIOURBEL","COM. DIOURBEL","COM. DIOURBEL",NULL,NULL,NULL,NULL,78003,79551,157554
"97","DIOURBEL","DIOURBEL","AR. N’DINDY","DANKH  SENE",NULL,NULL,NULL,NULL,6137,6273,12410
"98","DIOURBEL","DIOURBEL","AR. N’DINDY","GADE ESCALE",NULL,NULL,NULL,NULL,2376,2145,4521
"99","DIOURBEL","DIOURBEL","AR. N’DINDY","N’DINDY",NULL,NULL,NULL,NULL,8802,8524,17326
"100","DIOURBEL","DIOURBEL","AR. N’DINDY","KEUR N’GALGOU",NULL,NULL,NULL,NULL,5096,4664,9760
"101","DIOURBEL","DIOURBEL","AR. N’DINDY","TAIBA MOUTOUPHA",NULL,NULL,NULL,NULL,7108,6782,13890
"102","DIOURBEL","DIOURBEL","AR. N’DINDY","TOUBA LAPPE",NULL,NULL,NULL,NULL,2788,2339,5127
"103","DIOURBEL","DIOURBEL","AR. N’DOULO","N’DOULO",NULL,NULL,NULL,NULL,7458,7362,14820
"104","DIOURBEL","DIOURBEL","AR. N’DOULO","N’GOHE",NULL,NULL,NULL,NULL,20560,20198,40758
"105","DIOURBEL","DIOURBEL","AR. N’DOULO","PATAR",NULL,NULL,NULL,NULL,13549,13107,26656
"106","DIOURBEL","DIOURBEL","AR. N’DOULO","TOCKY GARE",NULL,NULL,NULL,NULL,12901,11920,24821
"107","DIOURBEL","DIOURBEL","AR. N’DOULO","TOURE M’BONDE",NULL,NULL,NULL,NULL,8588,7878,16466
"108","DIOURBEL","M’BACKE","COM. M’BACKE","COM. M’BACKE",NULL,NULL,NULL,NULL,49369,52082,101451
"109","DIOURBEL","M’BACKE","AR. KAEL","DENDEYE GOUYE GUI",NULL,NULL,NULL,NULL,3676,3385,7061
"110","DIOURBEL","M’BACKE","AR. KAEL","DAROU SALAM  TYP",NULL,NULL,NULL,NULL,4005,3240,7245
"111","DIOURBEL","M’BACKE","AR. KAEL","KAEL",NULL,NULL,NULL,NULL,3770,3374,7144
"112","DIOURBEL","M’BACKE","AR. KAEL","MADINA",NULL,NULL,NULL,NULL,4713,4050,8763
"113","DIOURBEL","M’BACKE","AR. KAEL","N’DIOUMANE  T. THIEKENE",NULL,NULL,NULL,NULL,3435,3216,6651
"114","DIOURBEL","M’BACKE","AR. KAEL","TOUBA  M’BOUL",NULL,NULL,NULL,NULL,7012,6219,13231
"115","DIOURBEL","M’BACKE","AR. KAEL","DAROU NAHIM",NULL,NULL,NULL,NULL,1631,1311,2942
"116","DIOURBEL","M’BACKE","AR. KAEL","TAIBA TIECKENE",NULL,NULL,NULL,NULL,1403,1062,2465
"117","DIOURBEL","M’BACKE","AR. N’DAME","DALLA N’GABOU",NULL,NULL,NULL,NULL,6983,5626,12609
"118","DIOURBEL","M’BACKE","AR. N’DAME","MISSIRAH",NULL,NULL,NULL,NULL,4512,3904,8416
"119","DIOURBEL","M’BACKE","AR. N’DAME","N’GHAYE",NULL,NULL,NULL,NULL,3530,3247,6777
"120","DIOURBEL","M’BACKE","AR. N’DAME","TOUBA FALL",NULL,NULL,NULL,NULL,6322,5178,11500
"121","DIOURBEL","M’BACKE","AR. N’DAME","TOUBA MOSQUEE",NULL,NULL,NULL,NULL,550565,570259,1120824
"122","DIOURBEL","M’BACKE","AR. TAIF","SADIO",NULL,NULL,NULL,NULL,12196,12248,24444
"123","DIOURBEL","M’BACKE","AR. TAIF","TAÏF",NULL,NULL,NULL,NULL,9063,9170,18233
"124","SAINT-LOUIS","DAGANA","COM. DAGANA","COM. DAGANA",NULL,NULL,NULL,NULL,13893,12675,26568
"125","SAINT-LOUIS","DAGANA","COM. RICHARD-TOLL","COM. RICHARD-TOLL",NULL,NULL,NULL,NULL,38787,34360,73147
"126","SAINT-LOUIS","DAGANA","AR. MBANE","MBANE",NULL,NULL,NULL,NULL,20226,20528,40754
"127","SAINT-LOUIS","DAGANA","AR. MBANE","BOKHOL",NULL,NULL,NULL,NULL,11395,11256,22651
"128","SAINT-LOUIS","DAGANA","AR. MBANE","COM. GAE",NULL,NULL,NULL,NULL,6400,5896,12296
"129","SAINT-LOUIS","DAGANA","AR. MBANE","COM. NDOMBO SANDJIRY",NULL,NULL,NULL,NULL,3343,2837,6180
"130","SAINT-LOUIS","DAGANA","AR. NDIAYE","DIAMA",NULL,NULL,NULL,NULL,24684,23814,48498
"131","SAINT-LOUIS","DAGANA","AR. NDIAYE","NGNITH",NULL,NULL,NULL,NULL,17018,15691,32709
"132","SAINT-LOUIS","DAGANA","AR. NDIAYE","RONKH",NULL,NULL,NULL,NULL,14616,13120,27736
"133","SAINT-LOUIS","DAGANA","AR. NDIAYE","COM. ROSS-BETHIO",NULL,NULL,NULL,NULL,8726,7499,16225
"134","SAINT-LOUIS","DAGANA","AR. NDIAYE","COM. ROSSO-SENEGAL",NULL,NULL,NULL,NULL,11774,10525,22299
"135","SAINT-LOUIS","PODOR","COM. PODOR","COM. PODOR",NULL,NULL,NULL,NULL,6366,6146,12512
"136","SAINT-LOUIS","PODOR","COM. NDIOUM","COM. NDIOUM",NULL,NULL,NULL,NULL,10764,9506,20270
"137","SAINT-LOUIS","PODOR","AR. CAS-CAS","MEDINA NDIATHBE",NULL,NULL,NULL,NULL,20963,20528,41491
"138","SAINT-LOUIS","PODOR","AR. CAS-CAS","DOUNGA-LAO",NULL,NULL,NULL,NULL,21265,22346,43611
"139","SAINT-LOUIS","PODOR","AR. CAS-CAS","MERY",NULL,NULL,NULL,NULL,11383,11348,22731
"140","SAINT-LOUIS","PODOR","AR. CAS-CAS","COM. AERE LAO",NULL,NULL,NULL,NULL,7297,7087,14384
"141","SAINT-LOUIS","PODOR","AR. CAS-CAS","COM. GOLLERE",NULL,NULL,NULL,NULL,3755,3369,7124
"142","SAINT-LOUIS","PODOR","AR. CAS-CAS","COM. MBOUMBA",NULL,NULL,NULL,NULL,2922,2535,5457
"143","SAINT-LOUIS","PODOR","AR. CAS-CAS","COM. WALALDE",NULL,NULL,NULL,NULL,2203,2184,4387
"144","SAINT-LOUIS","PODOR","AR. SALDE","BOKE DIALLOUBE",NULL,NULL,NULL,NULL,19998,19508,39506
"145","SAINT-LOUIS","PODOR","AR. SALDE","MBOLO BIRANE",NULL,NULL,NULL,NULL,15654,15448,31102
"146","SAINT-LOUIS","PODOR","AR. SALDE","COM. GALOYA TOUCOULEUR",NULL,NULL,NULL,NULL,3448,3053,6501
"147","SAINT-LOUIS","PODOR","AR. SALDE","COM. PETE",NULL,NULL,NULL,NULL,2521,2314,4835
"148","SAINT-LOUIS","PODOR","AR. THILLE BOUBACAR","FANAYE",NULL,NULL,NULL,NULL,24123,24051,48174
"149","SAINT-LOUIS","PODOR","AR. THILLE BOUBACAR","NDIAYENE PENDAO",NULL,NULL,NULL,NULL,16799,17213,34012
"150","SAINT-LOUIS","PODOR","AR. THILLE BOUBACAR","COM. NDIANDANE",NULL,NULL,NULL,NULL,3553,3216,6769
"151","SAINT-LOUIS","PODOR","AR. GAMADJI SARE","DODEL",NULL,NULL,NULL,NULL,22055,24261,46316
"152","SAINT-LOUIS","PODOR","AR. GAMADJI SARE","GAMADJI SARE",NULL,NULL,NULL,NULL,14593,15378,29971
"153","SAINT-LOUIS","PODOR","AR. GAMADJI SARE","GUEDE VILLAGE",NULL,NULL,NULL,NULL,26224,26454,52678
"154","SAINT-LOUIS","PODOR","AR. GAMADJI SARE","COM. BODE LAO",NULL,NULL,NULL,NULL,1842,1918,3760
"155","SAINT-LOUIS","PODOR","AR. GAMADJI SARE","COM. DEMETTE",NULL,NULL,NULL,NULL,1675,1739,3414
"156","SAINT-LOUIS","PODOR","AR. GAMADJI SARE","COM. GUEDE CHANTIER",NULL,NULL,NULL,NULL,3468,3534,7002
"157","SAINT-LOUIS","SAINT LOUIS","COM. SAINT LOUIS","COM. SAINT LOUIS",NULL,NULL,NULL,NULL,130257,123914,254171
"158","SAINT-LOUIS","SAINT LOUIS","AR. RAO","GANDON",NULL,NULL,NULL,NULL,36654,34426,71080
"159","SAINT-LOUIS","SAINT LOUIS","AR. RAO","FASS NGOM",NULL,NULL,NULL,NULL,11865,11289,23154
"160","SAINT-LOUIS","SAINT LOUIS","AR. RAO","N’DIEBENE GANDIOLE",NULL,NULL,NULL,NULL,13093,14845,27938
"161","SAINT-LOUIS","SAINT LOUIS","AR. RAO","COM. M’PAL",NULL,NULL,NULL,NULL,5282,5743,11025
"162","TAMBACOUNDA","BAKEL","COM. BAKEL","COM. BAKEL",NULL,NULL,NULL,NULL,10350,8589,18939
"163","TAMBACOUNDA","BAKEL","AR. KENIEBA","GATHIARY",NULL,NULL,NULL,NULL,2056,1917,3973
"164","TAMBACOUNDA","BAKEL","AR. KENIEBA","MADINA FOULBE",NULL,NULL,NULL,NULL,2118,1685,3803
"165","TAMBACOUNDA","BAKEL","AR. KENIEBA","SADATOU",NULL,NULL,NULL,NULL,9583,7676,17259
"166","TAMBACOUNDA","BAKEL","AR. KENIEBA","TOUMBOURA",NULL,NULL,NULL,NULL,2457,2571,5028
"167","TAMBACOUNDA","BAKEL","AR. BELE","BELE",NULL,NULL,NULL,NULL,13256,12605,25861
"168","TAMBACOUNDA","BAKEL","AR. BELE","SINTHIOU-FISSA",NULL,NULL,NULL,NULL,6390,6510,12900
"169","TAMBACOUNDA","BAKEL","AR. BELE","COM. KIDIRA",NULL,NULL,NULL,NULL,7103,6448,13551
"170","TAMBACOUNDA","BAKEL","AR. MOUDERY","BALLOU",NULL,NULL,NULL,NULL,11851,12107,23958
"171","TAMBACOUNDA","BAKEL","AR. MOUDERY","GABOU",NULL,NULL,NULL,NULL,14422,14190,28612
"172","TAMBACOUNDA","BAKEL","AR. MOUDERY","MOUDERY",NULL,NULL,NULL,NULL,11359,12547,23906
"173","TAMBACOUNDA","BAKEL","AR. MOUDERY","COM. DIAWARA",NULL,NULL,NULL,NULL,5881,6266,12147
"174","TAMBACOUNDA","TAMBACOUNDA","COM. TAMBACOUNDA","COM. TAMBACOUNDA",NULL,NULL,NULL,NULL,75735,73336,149071
"175","TAMBACOUNDA","TAMBACOUNDA","AR. KOUSSANAR","KOUSSANAR",NULL,NULL,NULL,NULL,20735,20369,41104
"176","TAMBACOUNDA","TAMBACOUNDA","AR. KOUSSANAR","SINTHIOU MALEM",NULL,NULL,NULL,NULL,15318,14214,29532
"177","TAMBACOUNDA","TAMBACOUNDA","AR. MAKACOULIBANTANG","MAKACOULIBATANG",NULL,NULL,NULL,NULL,27285,25699,52984
"178","TAMBACOUNDA","TAMBACOUNDA","AR. MAKACOULIBANTANG","N’DOGA BABACAR",NULL,NULL,NULL,NULL,14437,14131,28568
"179","TAMBACOUNDA","TAMBACOUNDA","AR. MAKACOULIBANTANG","NIANI TOUCOULEUR",NULL,NULL,NULL,NULL,9381,8688,18069
"180","TAMBACOUNDA","TAMBACOUNDA","AR. MISSIRAH","DIALACOTO",NULL,NULL,NULL,NULL,13071,11448,24519
"181","TAMBACOUNDA","TAMBACOUNDA","AR. MISSIRAH","MISSIRAH",NULL,NULL,NULL,NULL,28931,28649,57580
"182","TAMBACOUNDA","TAMBACOUNDA","AR. MISSIRAH","NETTE BOULOU",NULL,NULL,NULL,NULL,13065,12927,25992
"183","TAMBACOUNDA","GOUDIRY","COM. GOUDIRY","COM. GOUDIRY",NULL,NULL,NULL,NULL,5371,5169,10540
"184","TAMBACOUNDA","GOUDIRY","AR. BALA","BALA",NULL,NULL,NULL,NULL,5114,4685,9799
"185","TAMBACOUNDA","GOUDIRY","AR. BALA","GOUMBAYEL",NULL,NULL,NULL,NULL,4561,4564,9125
"186","TAMBACOUNDA","GOUDIRY","AR. BALA","KOAR",NULL,NULL,NULL,NULL,6045,6120,12165
"187","TAMBACOUNDA","GOUDIRY","AR. BOYNGUEL BAMBA","DOUGUE",NULL,NULL,NULL,NULL,4519,4756,9275
"188","TAMBACOUNDA","GOUDIRY","AR. BOYNGUEL BAMBA","BOYNGUEL BAMBA",NULL,NULL,NULL,NULL,8345,8271,16616
"189","TAMBACOUNDA","GOUDIRY","AR. BOYNGUEL BAMBA","KOUSSAN",NULL,NULL,NULL,NULL,5308,5714,11022
"190","TAMBACOUNDA","GOUDIRY","AR. BOYNGUEL BAMBA","SINTHIOU MAMADOU BOUBOU",NULL,NULL,NULL,NULL,10788,10878,21666
"191","TAMBACOUNDA","GOUDIRY","AR. DIANKE MAKHA","BANI   ISRAEL",NULL,NULL,NULL,NULL,4217,4464,8681
"192","TAMBACOUNDA","GOUDIRY","AR. DIANKE MAKHA","BOUTOUCOUFARA",NULL,NULL,NULL,NULL,4240,4214,8454
"193","TAMBACOUNDA","GOUDIRY","AR. DIANKE MAKHA","DIANKE MAKHA",NULL,NULL,NULL,NULL,5493,5456,10949
"194","TAMBACOUNDA","GOUDIRY","AR. DIANKE MAKHA","KOMOTI",NULL,NULL,NULL,NULL,6100,6079,12179
"195","TAMBACOUNDA","GOUDIRY","AR. KOULOR","KOULOR",NULL,NULL,NULL,NULL,7650,7377,15027
"196","TAMBACOUNDA","GOUDIRY","AR. KOULOR","SINTHIOU BOCAR ALI",NULL,NULL,NULL,NULL,4792,4154,8946
"197","TAMBACOUNDA","GOUDIRY","AR. KOULOR","COM. KOTHIARY",NULL,NULL,NULL,NULL,3111,3046,6157
"198","TAMBACOUNDA","KOUPENTOUM","COM. KOUMPENTOUM","COM. KOUMPENTOUM",NULL,NULL,NULL,NULL,7859,7864,15723
"199","TAMBACOUNDA","KOUPENTOUM","AR. BAMBA THIALENE","BAMBA THIALENE",NULL,NULL,NULL,NULL,11073,10470,21543
"200","TAMBACOUNDA","KOUPENTOUM","AR. BAMBA THIALENE","KAHENE",NULL,NULL,NULL,NULL,11612,10954,22566
"201","TAMBACOUNDA","KOUPENTOUM","AR. BAMBA THIALENE","MERETO",NULL,NULL,NULL,NULL,9267,8279,17546
"202","TAMBACOUNDA","KOUPENTOUM","AR. BAMBA THIALENE","N’DAME",NULL,NULL,NULL,NULL,7351,6944,14295
"203","TAMBACOUNDA","KOUPENTOUM","AR. KOUTHIABA WOLOF","KOUTHIA GAYDI",NULL,NULL,NULL,NULL,9230,8241,17471
"204","TAMBACOUNDA","KOUPENTOUM","AR. KOUTHIABA WOLOF","KOUTHIABA WOLOF",NULL,NULL,NULL,NULL,15952,13833,29785
"205","TAMBACOUNDA","KOUPENTOUM","AR. KOUTHIABA WOLOF","PASS KOTO",NULL,NULL,NULL,NULL,9850,9262,19112
"206","TAMBACOUNDA","KOUPENTOUM","AR. KOUTHIABA WOLOF","PAYAR",NULL,NULL,NULL,NULL,19158,17543,36701
"207","TAMBACOUNDA","KOUPENTOUM","AR. KOUTHIABA WOLOF","COM. MALEM NIANI",NULL,NULL,NULL,NULL,2293,2162,4455
"208","KAOLACK","KAOLACK","COM. KAOLACK","COM. KAOLACK",NULL,NULL,NULL,NULL,149606,149298,298904
"209","KAOLACK","KAOLACK","COM. KAHONE","COM. KAHONE",NULL,NULL,NULL,NULL,13919,12457,26376
"210","KAOLACK","KAOLACK","AR. NDIEDIENG","KEUR SOCE",NULL,NULL,NULL,NULL,18790,18777,37567
"211","KAOLACK","KAOLACK","AR. NDIEDIENG","NDIAFFATE",NULL,NULL,NULL,NULL,25467,24026,49493
"212","KAOLACK","KAOLACK","AR. NDIEDIENG","NDIEDIENG",NULL,NULL,NULL,NULL,20617,20404,41021
"213","KAOLACK","KAOLACK","AR. KOUMBAL","LATMINGUE",NULL,NULL,NULL,NULL,20738,20418,41156
"214","KAOLACK","KAOLACK","AR. KOUMBAL","THIARE",NULL,NULL,NULL,NULL,17890,17886,35776
"215","KAOLACK","KAOLACK","AR. KOUMBAL","KEUR BAKA",NULL,NULL,NULL,NULL,14619,14690,29309
"216","KAOLACK","KAOLACK","AR. KOUMBAL","COM. NDOFFANE",NULL,NULL,NULL,NULL,8926,10048,18974
"217","KAOLACK","KAOLACK","AR. NGOTHIE","DYA",NULL,NULL,NULL,NULL,10276,9590,19866
"218","KAOLACK","KAOLACK","AR. NGOTHIE","NDIEBEL",NULL,NULL,NULL,NULL,8480,8156,16636
"219","KAOLACK","KAOLACK","AR. NGOTHIE","THIOMBY",NULL,NULL,NULL,NULL,9714,9514,19228
"220","KAOLACK","KAOLACK","AR. NGOTHIE","COM. GANDIAYE",NULL,NULL,NULL,NULL,8957,9282,18239
"221","KAOLACK","KAOLACK","AR. NGOTHIE","COM. SIBASSOR",NULL,NULL,NULL,NULL,5568,5940,11508
"222","KAOLACK","NIORO","COM. NIORO","COM. NIORO",NULL,NULL,NULL,NULL,14176,14315,28491
"223","KAOLACK","NIORO","AR. MEDINA-SABAKH","KAYEMOR",NULL,NULL,NULL,NULL,17398,16808,34206
"224","KAOLACK","NIORO","AR. MEDINA-SABAKH","MEDINA-SABAKH",NULL,NULL,NULL,NULL,33158,32938,66096
"225","KAOLACK","NIORO","AR. MEDINA-SABAKH","NGAYENE",NULL,NULL,NULL,NULL,17179,18551,35730
"226","KAOLACK","NIORO","AR. PAOSKOTO","GAINTE KAYE",NULL,NULL,NULL,NULL,21400,19622,41022
"227","KAOLACK","NIORO","AR. PAOSKOTO","PAOSKOTO",NULL,NULL,NULL,NULL,12433,12555,24988
"228","KAOLACK","NIORO","AR. PAOSKOTO","POROKHANE",NULL,NULL,NULL,NULL,23547,23259,46806
"229","KAOLACK","NIORO","AR. PAOSKOTO","TAÏBA NIASSENE",NULL,NULL,NULL,NULL,19239,18795,38034
"230","KAOLACK","NIORO","AR. PAOSKOTO","DABALY",NULL,NULL,NULL,NULL,8127,7127,15254
"231","KAOLACK","NIORO","AR. PAOSKOTO","DAROU SALAM",NULL,NULL,NULL,NULL,17853,18308,36161
"232","KAOLACK","NIORO","AR. WACK-NGOUNA","KEUR MABA DIAKHOU",NULL,NULL,NULL,NULL,19010,17772,36782
"233","KAOLACK","NIORO","AR. WACK-NGOUNA","NDRAME ESCALE",NULL,NULL,NULL,NULL,15187,14911,30098
"234","KAOLACK","NIORO","AR. WACK-NGOUNA","WACK NGOUNA",NULL,NULL,NULL,NULL,24977,23924,48901
"235","KAOLACK","NIORO","AR. WACK-NGOUNA","KEUR MANDONGO",NULL,NULL,NULL,NULL,6778,6710,13488
"236","KAOLACK","NIORO","AR. WACK-NGOUNA","COM. KEUR MADIABEL",NULL,NULL,NULL,NULL,8141,8410,16551
"237","KAOLACK","GUINGUINEO","COM. GUINGUINEO","COM. GUINGUINEO",NULL,NULL,NULL,NULL,9820,10520,20340
"238","KAOLACK","GUINGUINEO","AR. MBADAKHOUNE","MBADAKHOUNE",NULL,NULL,NULL,NULL,14032,11377,25409
"239","KAOLACK","GUINGUINEO","AR. MBADAKHOUNE","NDIAGO",NULL,NULL,NULL,NULL,6943,6136,13079
"240","KAOLACK","GUINGUINEO","AR. MBADAKHOUNE","NGATHIE NAOUDE",NULL,NULL,NULL,NULL,9774,9163,18937
"241","KAOLACK","GUINGUINEO","AR. MBADAKHOUNE","KHELCOM BIRAME",NULL,NULL,NULL,NULL,8800,8065,16865
"242","KAOLACK","GUINGUINEO","AR. MBADAKHOUNE","COM. FASS",NULL,NULL,NULL,NULL,3049,3404,6453
"243","KAOLACK","GUINGUINEO","AR. NGUELOU","GAGNICK",NULL,NULL,NULL,NULL,5257,5015,10272
"244","KAOLACK","GUINGUINEO","AR. NGUELOU","NGUELOU",NULL,NULL,NULL,NULL,5877,5447,11324
"245","KAOLACK","GUINGUINEO","AR. NGUELOU","OUROUR",NULL,NULL,NULL,NULL,7769,7498,15267
"246","KAOLACK","GUINGUINEO","AR. NGUELOU","DARA MBOSS",NULL,NULL,NULL,NULL,3662,3195,6857
"247","KAOLACK","GUINGUINEO","AR. NGUELOU","PANAL OUOLOF",NULL,NULL,NULL,NULL,4720,4440,9160
"248","KAOLACK","GUINGUINEO","AR. NGUELOU","COM. MBOSS",NULL,NULL,NULL,NULL,3037,3057,6094
"249","THIES","M’BOUR","COM. JOAL- FADIOUTH","COM. JOAL- FADIOUTH",NULL,NULL,NULL,NULL,32545,29037,61582
"250","THIES","M’BOUR","COM. M’BOUR","COM. M’BOUR",NULL,NULL,NULL,NULL,146196,137993,284189
"251","THIES","M’BOUR","AR. FISSEL","FISSEL",NULL,NULL,NULL,NULL,24192,24789,48981
"252","THIES","M’BOUR","AR. FISSEL","N’DIAGANIAO",NULL,NULL,NULL,NULL,30741,29913,60654
"253","THIES","M’BOUR","AR. SESSENE","N’GUENIENE",NULL,NULL,NULL,NULL,25158,23819,48977
"254","THIES","M’BOUR","AR. SESSENE","SANDIARA",NULL,NULL,NULL,NULL,19893,18440,38333
"255","THIES","M’BOUR","AR. SESSENE","SESSENE",NULL,NULL,NULL,NULL,16015,15302,31317
"256","THIES","M’BOUR","AR. SESSENE","COM. THIADIAYE",NULL,NULL,NULL,NULL,9932,10236,20168
"257","THIES","M’BOUR","AR. SINDIA","MALICOUNDA",NULL,NULL,NULL,NULL,61092,56498,117590
"258","THIES","M’BOUR","AR. SINDIA","DIASS",NULL,NULL,NULL,NULL,21221,20212,41433
"259","THIES","M’BOUR","AR. SINDIA","SINDIA",NULL,NULL,NULL,NULL,30047,27009,57056
"260","THIES","M’BOUR","AR. SINDIA","COM. GUEKOKH",NULL,NULL,NULL,NULL,24824,23140,47964
"261","THIES","M’BOUR","AR. SINDIA","COM. N’GAPAROU",NULL,NULL,NULL,NULL,7057,6687,13744
"262","THIES","M’BOUR","AR. SINDIA","COM. POPENGUINE",NULL,NULL,NULL,NULL,6499,6244,12743
"263","THIES","M’BOUR","AR. SINDIA","COM. SALY PORTUDAL",NULL,NULL,NULL,NULL,21446,20365,41811
"264","THIES","M’BOUR","AR. SINDIA","COM. SOMONE",NULL,NULL,NULL,NULL,4425,4337,8762
"265","THIES","THIES","AR. THIES NORD","THIES NORD",NULL,NULL,NULL,NULL,68385,67753,136138
"266","THIES","THIES","AR. THIES SUD","THIES EST",NULL,NULL,NULL,NULL,82838,83418,166256
"267","THIES","THIES","AR. THIES SUD","THIES OUEST",NULL,NULL,NULL,NULL,43862,44997,88859
"268","THIES","THIES","COM. KHOMBOLE","COM. KHOMBOLE",NULL,NULL,NULL,NULL,9671,10650,20321
"269","THIES","THIES","COM. POUT","COM. POUT",NULL,NULL,NULL,NULL,15285,14589,29874
"270","THIES","THIES","AR. NOTTO","NOTTO",NULL,NULL,NULL,NULL,28835,27132,55967
"271","THIES","THIES","AR. NOTTO","TASSETTE",NULL,NULL,NULL,NULL,14122,12772,26894
"272","THIES","THIES","AR. THIENABA","N’DIEYENE SIRAKH",NULL,NULL,NULL,NULL,18500,18795,37295
"273","THIES","THIES","AR. THIENABA","N’GOUNDIANE",NULL,NULL,NULL,NULL,16956,16394,33350
"274","THIES","THIES","AR. THIENABA","THIENABA",NULL,NULL,NULL,NULL,17433,16485,33918
"275","THIES","THIES","AR. THIENABA","TOUBA TOUL",NULL,NULL,NULL,NULL,31323,32514,63837
"276","THIES","THIES","AR. KEUR MOUSSA","DIENDER GUEDJI",NULL,NULL,NULL,NULL,22690,21668,44358
"277","THIES","THIES","AR. KEUR MOUSSA","FANDENE",NULL,NULL,NULL,NULL,24077,23062,47139
"278","THIES","THIES","AR. KEUR MOUSSA","KEUR MOUSSA",NULL,NULL,NULL,NULL,31428,30279,61707
"279","THIES","THIES","AR. KEUR MOUSSA","COM. CAYAR",NULL,NULL,NULL,NULL,16861,16412,33273
"280","THIES","TIVAOUANE","COM. MEKHE","COM. MEKHE",NULL,NULL,NULL,NULL,13587,13979,27566
"281","THIES","TIVAOUANE","COM. TIVAOUANE","COM. TIVAOUANE",NULL,NULL,NULL,NULL,53388,49270,102658
"282","THIES","TIVAOUANE","AR. MEOUANE","MEOUANE",NULL,NULL,NULL,NULL,23384,22905,46289
"283","THIES","TIVAOUANE","AR. MEOUANE","TAIBA N’DIAYE",NULL,NULL,NULL,NULL,18732,17989,36721
"284","THIES","TIVAOUANE","AR. MEOUANE","DAROU KHOUDOSS",NULL,NULL,NULL,NULL,54743,49603,104346
"285","THIES","TIVAOUANE","AR. MEOUANE","COM. M’BORO",NULL,NULL,NULL,NULL,20951,19860,40811
"286","THIES","TIVAOUANE","AR. MERINA-DAKHAR","KOUL",NULL,NULL,NULL,NULL,15945,16058,32003
"287","THIES","TIVAOUANE","AR. MERINA-DAKHAR","MERINA DAKHAR",NULL,NULL,NULL,NULL,19364,19739,39103
"288","THIES","TIVAOUANE","AR. MERINA-DAKHAR","PEKESSE",NULL,NULL,NULL,NULL,13618,12676,26294
"289","THIES","TIVAOUANE","AR. NIAKHENE","M’BAYENE",NULL,NULL,NULL,NULL,5563,4884,10447
"290","THIES","TIVAOUANE","AR. NIAKHENE","N’GANDIOUF",NULL,NULL,NULL,NULL,17240,16015,33255
"291","THIES","TIVAOUANE","AR. NIAKHENE","NIAKHENE",NULL,NULL,NULL,NULL,6135,5160,11295
"292","THIES","TIVAOUANE","AR. NIAKHENE","THILMAKHA",NULL,NULL,NULL,NULL,7451,7178,14629
"293","THIES","TIVAOUANE","AR. PAMBAL","CHERIF LÖ",NULL,NULL,NULL,NULL,14836,13923,28759
"294","THIES","TIVAOUANE","AR. PAMBAL","MONT- ROLLAND",NULL,NULL,NULL,NULL,8711,8728,17439
"295","THIES","TIVAOUANE","AR. PAMBAL","NOTTO GOUYE DIAMA",NULL,NULL,NULL,NULL,17497,16539,34036
"296","THIES","TIVAOUANE","AR. PAMBAL","PIRE GOUREYE",NULL,NULL,NULL,NULL,16764,15921,32685
"297","THIES","TIVAOUANE","AR. PAMBAL","PAMBAL",NULL,NULL,NULL,NULL,5518,5335,10853
"298","LOUGA","KEBEMER","COM. KEBEMER","COM. KEBEMER",NULL,NULL,NULL,NULL,13362,13943,27305
"299","LOUGA","KEBEMER","AR. DAROU MOUSTY","DAROU MARNANE",NULL,NULL,NULL,NULL,7233,6841,14074
"300","LOUGA","KEBEMER","AR. DAROU MOUSTY","DAROU MOUSTY",NULL,NULL,NULL,NULL,25868,26656,52524
"301","LOUGA","KEBEMER","AR. DAROU MOUSTY","MBADIANE",NULL,NULL,NULL,NULL,5580,4660,10240
"302","LOUGA","KEBEMER","AR. DAROU MOUSTY","NDOYENE",NULL,NULL,NULL,NULL,3189,3328,6517
"303","LOUGA","KEBEMER","AR. DAROU MOUSTY","SAM YABAL",NULL,NULL,NULL,NULL,6373,5837,12210
"304","LOUGA","KEBEMER","AR. DAROU MOUSTY","TOUBA MERINA",NULL,NULL,NULL,NULL,4856,4700,9556
"305","LOUGA","KEBEMER","AR. DAROU MOUSTY","MBACKE CADIOR",NULL,NULL,NULL,NULL,3213,3021,6234
"306","LOUGA","KEBEMER","AR. NDANDE","BADEGNE OUOLOF",NULL,NULL,NULL,NULL,8862,10176,19038
"307","LOUGA","KEBEMER","AR. NDANDE","DIOKOUL DIAWRIGNE",NULL,NULL,NULL,NULL,10590,10454,21044
"308","LOUGA","KEBEMER","AR. NDANDE","KAB GAYE",NULL,NULL,NULL,NULL,7723,6837,14560
"309","LOUGA","KEBEMER","AR. NDANDE","NDANDE",NULL,NULL,NULL,NULL,15756,16309,32065
"310","LOUGA","KEBEMER","AR. NDANDE","THIEPPE",NULL,NULL,NULL,NULL,12361,11058,23419
"311","LOUGA","KEBEMER","AR. NDANDE","COM. GUEOUL",NULL,NULL,NULL,NULL,5032,5515,10547
"312","LOUGA","KEBEMER","AR. SAGATTA GUETH","KANENE NDIOB",NULL,NULL,NULL,NULL,5698,5660,11358
"313","LOUGA","KEBEMER","AR. SAGATTA GUETH","LORO",NULL,NULL,NULL,NULL,4965,4743,9708
"314","LOUGA","KEBEMER","AR. SAGATTA GUETH","SAGATTA GUETH",NULL,NULL,NULL,NULL,9334,8780,18114
"315","LOUGA","KEBEMER","AR. SAGATTA GUETH","THIOLOM FALL",NULL,NULL,NULL,NULL,12650,12392,25042
"316","LOUGA","KEBEMER","AR. SAGATTA GUETH","NGOURANE OUOLOF",NULL,NULL,NULL,NULL,6228,6138,12366
"317","LOUGA","LINGUERE","COM. LINGUERE","COM. LINGUERE",NULL,NULL,NULL,NULL,9841,9350,19191
"318","LOUGA","LINGUERE","COM. DAHRA","COM. DAHRA",NULL,NULL,NULL,NULL,23338,22192,45530
"319","LOUGA","LINGUERE","AR. BARKEDJI","BARKEDJI",NULL,NULL,NULL,NULL,12866,12256,25122
"320","LOUGA","LINGUERE","AR. BARKEDJI","GASSANE",NULL,NULL,NULL,NULL,12714,11427,24141
"321","LOUGA","LINGUERE","AR. BARKEDJI","THIARGNY",NULL,NULL,NULL,NULL,5601,5292,10893
"322","LOUGA","LINGUERE","AR. BARKEDJI","THIEL",NULL,NULL,NULL,NULL,8743,8191,16934
"323","LOUGA","LINGUERE","AR. DODJI","DODJI",NULL,NULL,NULL,NULL,9496,9595,19091
"324","LOUGA","LINGUERE","AR. DODJI","LABGAR",NULL,NULL,NULL,NULL,4941,5606,10547
"325","LOUGA","LINGUERE","AR. DODJI","OUARKHOH",NULL,NULL,NULL,NULL,10510,10351,20861
"326","LOUGA","LINGUERE","AR. YANG YANG","KAMB",NULL,NULL,NULL,NULL,5341,5621,10962
"327","LOUGA","LINGUERE","AR. YANG YANG","MBOULA",NULL,NULL,NULL,NULL,4421,4999,9420
"328","LOUGA","LINGUERE","AR. YANG YANG","TESSEKRE FORAGE",NULL,NULL,NULL,NULL,5583,6108,11691
"329","LOUGA","LINGUERE","AR. YANG YANG","YANG YANG",NULL,NULL,NULL,NULL,2843,2952,5795
"330","LOUGA","LINGUERE","AR. YANG YANG","COM. MBEULEUKHE",NULL,NULL,NULL,NULL,971,997,1968
"331","LOUGA","LINGUERE","AR. SAGATTA DJOLOF","BOULAL",NULL,NULL,NULL,NULL,6174,6256,12430
"332","LOUGA","LINGUERE","AR. SAGATTA DJOLOF","DEALI",NULL,NULL,NULL,NULL,14601,12144,26745
"333","LOUGA","LINGUERE","AR. SAGATTA DJOLOF","SAGATTA DJOLOF",NULL,NULL,NULL,NULL,6883,7088,13971
"334","LOUGA","LINGUERE","AR. SAGATTA DJOLOF","THIAMENE DJOLOF",NULL,NULL,NULL,NULL,10235,9901,20136
"335","LOUGA","LINGUERE","AR. SAGATTA DJOLOF","AFFE DJOLOFF",NULL,NULL,NULL,NULL,3161,3635,6796
"336","LOUGA","LOUGA","COM. LOUGA","COM. LOUGA",NULL,NULL,NULL,NULL,56482,56883,113365
"337","LOUGA","LOUGA","AR. COKI","COKI",NULL,NULL,NULL,NULL,16284,13033,29317
"338","LOUGA","LOUGA","AR. COKI","PETE OUARACK",NULL,NULL,NULL,NULL,2933,3254,6187
"339","LOUGA","LOUGA","AR. COKI","THIAMENE CAYOR",NULL,NULL,NULL,NULL,9826,9982,19808
"340","LOUGA","LOUGA","AR. COKI","GUET ARDO",NULL,NULL,NULL,NULL,5809,5448,11257
"341","LOUGA","LOUGA","AR. COKI","COM. NDIAGNE",NULL,NULL,NULL,NULL,4767,5279,10046
"342","LOUGA","LOUGA","AR. KEUR MOMAR SARR","GANDE",NULL,NULL,NULL,NULL,8336,8861,17197
"343","LOUGA","LOUGA","AR. KEUR MOMAR SARR","KEUR MOMAR SARR",NULL,NULL,NULL,NULL,20743,19708,40451
"344","LOUGA","LOUGA","AR. KEUR MOMAR SARR","NGUER MALAL",NULL,NULL,NULL,NULL,15302,18945,34247
"345","LOUGA","LOUGA","AR. KEUR MOMAR SARR","SYER",NULL,NULL,NULL,NULL,7005,6838,13843
"346","LOUGA","LOUGA","AR. MBEDIENE","KELLE GUEYE",NULL,NULL,NULL,NULL,6803,6946,13749
"347","LOUGA","LOUGA","AR. MBEDIENE","MBEDIENE",NULL,NULL,NULL,NULL,7264,7174,14438
"348","LOUGA","LOUGA","AR. MBEDIENE","NGUIDILE",NULL,NULL,NULL,NULL,15369,16958,32327
"349","LOUGA","LOUGA","AR. MBEDIENE","NIOMRE",NULL,NULL,NULL,NULL,9478,11658,21136
"350","LOUGA","LOUGA","AR. SAKAL","LEONA",NULL,NULL,NULL,NULL,23860,22408,46268
"351","LOUGA","LOUGA","AR. SAKAL","NGUEUNE SARR",NULL,NULL,NULL,NULL,10847,10813,21660
"352","LOUGA","LOUGA","AR. SAKAL","SAKAL",NULL,NULL,NULL,NULL,15701,16768,32469
"353","FATICK","FATICK","COM. FATICK","COM. FATICK",NULL,NULL,NULL,NULL,19959,19402,39361
"354","FATICK","FATICK","COM. DIOFIOR","COM. DIOFIOR",NULL,NULL,NULL,NULL,6326,6469,12795
"355","FATICK","FATICK","AR. NDIOB","DIAOULE",NULL,NULL,NULL,NULL,7601,7712,15313
"356","FATICK","FATICK","AR. NDIOB","MBELACADIAO",NULL,NULL,NULL,NULL,8872,9247,18119
"357","FATICK","FATICK","AR. NDIOB","NDIOB",NULL,NULL,NULL,NULL,11866,11541,23407
"358","FATICK","FATICK","AR. NDIOB","THIARE  NDIALGUI",NULL,NULL,NULL,NULL,13395,12732,26127
"359","FATICK","FATICK","AR. NDIOB","DIAKHAO",NULL,NULL,NULL,NULL,2671,2919,5590
"360","FATICK","FATICK","AR. FIMELA","FIMELA",NULL,NULL,NULL,NULL,15796,15090,30886
"361","FATICK","FATICK","AR. FIMELA","LOUL-SESSENE",NULL,NULL,NULL,NULL,11462,11066,22528
"362","FATICK","FATICK","AR. FIMELA","PALMARIN FACAO",NULL,NULL,NULL,NULL,6224,4703,10927
"363","FATICK","FATICK","AR. FIMELA","DJILASSE",NULL,NULL,NULL,NULL,5814,5292,11106
"364","FATICK","FATICK","AR. NIAKHAR","NGAYOKHEME",NULL,NULL,NULL,NULL,14851,14957,29808
"365","FATICK","FATICK","AR. NIAKHAR","NIAKHAR",NULL,NULL,NULL,NULL,16360,17336,33696
"366","FATICK","FATICK","AR. NIAKHAR","PATAR",NULL,NULL,NULL,NULL,15192,15391,30583
"367","FATICK","FATICK","AR. TATTAGUINE","DIARERE",NULL,NULL,NULL,NULL,17936,17839,35775
"368","FATICK","FATICK","AR. TATTAGUINE","DIOUROUP",NULL,NULL,NULL,NULL,12940,13408,26348
"369","FATICK","FATICK","AR. TATTAGUINE","TATTAGUINE",NULL,NULL,NULL,NULL,18309,17888,36197
"370","FATICK","FOUNDIOUGNE","COM. FOUNDIOUGNE","COM. FOUNDIOUGNE",NULL,NULL,NULL,NULL,4635,4289,8924
"371","FATICK","FOUNDIOUGNE","COM. SOKONE","COM. SOKONE",NULL,NULL,NULL,NULL,9766,10658,20424
"372","FATICK","FOUNDIOUGNE","AR. DJILOR","DJILOR",NULL,NULL,NULL,NULL,11288,11588,22876
"373","FATICK","FOUNDIOUGNE","AR. DJILOR","DIOSSONG",NULL,NULL,NULL,NULL,12917,14067,26984
"374","FATICK","FOUNDIOUGNE","AR. DJILOR","DIAGANE BARKA",NULL,NULL,NULL,NULL,6462,6525,12987
"375","FATICK","FOUNDIOUGNE","AR. DJILOR","MBAM",NULL,NULL,NULL,NULL,5857,5856,11713
"376","FATICK","FOUNDIOUGNE","AR. DJILOR","NIASSENE",NULL,NULL,NULL,NULL,10202,10703,20905
"377","FATICK","FOUNDIOUGNE","AR. DJILOR","COM. PASSY",NULL,NULL,NULL,NULL,8725,9597,18322
"378","FATICK","FOUNDIOUGNE","AR. DJILOR","COM. SOUM",NULL,NULL,NULL,NULL,2904,3255,6159
"379","FATICK","FOUNDIOUGNE","AR. NIODIOR","BASSOUL",NULL,NULL,NULL,NULL,5846,6100,11946
"380","FATICK","FOUNDIOUGNE","AR. NIODIOR","DIONEWAR",NULL,NULL,NULL,NULL,6034,6555,12589
"381","FATICK","FOUNDIOUGNE","AR. NIODIOR","DJIRNDA",NULL,NULL,NULL,NULL,5197,5221,10418
"382","FATICK","FOUNDIOUGNE","AR. TOUBACOUTA","KEUR SALOUM DIANE",NULL,NULL,NULL,NULL,18064,19729,37793
"383","FATICK","FOUNDIOUGNE","AR. TOUBACOUTA","KEUR SAMBA GUEYE",NULL,NULL,NULL,NULL,18337,18081,36418
"384","FATICK","FOUNDIOUGNE","AR. TOUBACOUTA","NIORO ALASSANE TALL",NULL,NULL,NULL,NULL,23330,23036,46366
"385","FATICK","FOUNDIOUGNE","AR. TOUBACOUTA","TOUBACOUTA",NULL,NULL,NULL,NULL,21976,21616,43592
"386","FATICK","FOUNDIOUGNE","AR. TOUBACOUTA","COM. KARANG POSTE",NULL,NULL,NULL,NULL,14166,12806,26972
"387","FATICK","GOSSAS","COM. GOSSAS","COM. GOSSAS",NULL,NULL,NULL,NULL,7519,8111,15630
"388","FATICK","GOSSAS","AR. COLOBANE","COLOBANE",NULL,NULL,NULL,NULL,10698,10643,21341
"389","FATICK","GOSSAS","AR. COLOBANE","MBAR",NULL,NULL,NULL,NULL,18826,17492,36318
"390","FATICK","GOSSAS","AR. OUADIOUR","NDIENE LAGANE",NULL,NULL,NULL,NULL,7739,7587,15326
"391","FATICK","GOSSAS","AR. OUADIOUR","OUADIOUR",NULL,NULL,NULL,NULL,8040,7569,15609
"392","FATICK","GOSSAS","AR. OUADIOUR","PATAR LIA",NULL,NULL,NULL,NULL,9763,8981,18744
"393","KOLDA","KOLDA","COM. KOLDA","COM. KOLDA",NULL,NULL,NULL,NULL,52012,51562,103574
"394","KOLDA","KOLDA","AR. DIOULACOLON","DIOULACOLON",NULL,NULL,NULL,NULL,16177,15913,32090
"395","KOLDA","KOLDA","AR. DIOULACOLON","MEDINA  EL HADJI",NULL,NULL,NULL,NULL,7795,7409,15204
"396","KOLDA","KOLDA","AR. DIOULACOLON","TANKANTO ESCALE",NULL,NULL,NULL,NULL,9184,9164,18348
"397","KOLDA","KOLDA","AR. DIOULACOLON","GUIRO YERO BOCAR",NULL,NULL,NULL,NULL,9670,9230,18900
"398","KOLDA","KOLDA","AR. DIOULACOLON","COM. SALIKEGNE",NULL,NULL,NULL,NULL,2333,2308,4641
"399","KOLDA","KOLDA","AR. DIOULACOLON","COM. SARE YOBA DIEGA",NULL,NULL,NULL,NULL,2127,2072,4199
"400","KOLDA","KOLDA","AR. MAMPATIM","BAGADADJI",NULL,NULL,NULL,NULL,10291,9795,20086
"401","KOLDA","KOLDA","AR. MAMPATIM","COUMBACARA",NULL,NULL,NULL,NULL,7691,7334,15025
"402","KOLDA","KOLDA","AR. MAMPATIM","MAMPATIM",NULL,NULL,NULL,NULL,11305,10650,21955
"403","KOLDA","KOLDA","AR. MAMPATIM","DIALAMBERE",NULL,NULL,NULL,NULL,8836,8123,16959
"404","KOLDA","KOLDA","AR. MAMPATIM","MEDINA CHERIF",NULL,NULL,NULL,NULL,8259,7659,15918
"405","KOLDA","KOLDA","AR. MAMPATIM","COM. DABO",NULL,NULL,NULL,NULL,4796,4815,9611
"406","KOLDA","KOLDA","AR. SARE BIDJI","SARE BIDJI",NULL,NULL,NULL,NULL,11677,10694,22371
"407","KOLDA","KOLDA","AR. SARE BIDJI","THIETTY",NULL,NULL,NULL,NULL,2759,2552,5311
"408","KOLDA","VELINGARA","COM. VELINGARA","COM. VELINGARA",NULL,NULL,NULL,NULL,22801,22630,45431
"409","KOLDA","VELINGARA","AR. BONCONTO","BONCONTO",NULL,NULL,NULL,NULL,7055,6400,13455
"410","KOLDA","VELINGARA","AR. BONCONTO","LINKERING",NULL,NULL,NULL,NULL,11433,11053,22486
"411","KOLDA","VELINGARA","AR. BONCONTO","MEDINA GOUNASS",NULL,NULL,NULL,NULL,46246,44839,91085
"412","KOLDA","VELINGARA","AR. BONCONTO","SINTHIANG  KOUNDARA",NULL,NULL,NULL,NULL,19670,18618,38288
"413","KOLDA","VELINGARA","AR. PAKOUR","OUASSADOU",NULL,NULL,NULL,NULL,10840,10009,20849
"414","KOLDA","VELINGARA","AR. PAKOUR","PAROUMBA",NULL,NULL,NULL,NULL,9707,9513,19220
"415","KOLDA","VELINGARA","AR. PAKOUR","PAKOUR",NULL,NULL,NULL,NULL,8436,7801,16237
"416","KOLDA","VELINGARA","AR. SARE COLY SALLE","KANDIA",NULL,NULL,NULL,NULL,14701,14067,28768
"417","KOLDA","VELINGARA","AR. SARE COLY SALLE","SARE COLY SALLE",NULL,NULL,NULL,NULL,12567,11902,24469
"418","KOLDA","VELINGARA","AR. SARE COLY SALLE","NEMATABA",NULL,NULL,NULL,NULL,6058,5825,11883
"419","KOLDA","VELINGARA","AR. SARE COLY SALLE","KANDIAYE",NULL,NULL,NULL,NULL,7974,7377,15351
"420","KOLDA","VELINGARA","AR. SARE COLY SALLE","COM. DIAOUBE- KABENDOU",NULL,NULL,NULL,NULL,21477,19934,41411
"421","KOLDA","VELINGARA","AR. SARE COLY SALLE","COM. KOUNKANE",NULL,NULL,NULL,NULL,8234,7982,16216
"422","KOLDA","MEDINA YORO FOULAH","COM. MEDINA YORO FOULAH","COM. MEDINA YORO FOULAH",NULL,NULL,NULL,NULL,2607,2329,4936
"423","KOLDA","MEDINA YORO FOULAH","AR. FAFACOUROU","FAFACOUROU",NULL,NULL,NULL,NULL,5802,5109,10911
"424","KOLDA","MEDINA YORO FOULAH","AR. FAFACOUROU","BADION",NULL,NULL,NULL,NULL,9367,8511,17878
"425","KOLDA","MEDINA YORO FOULAH","AR.NDORNA","NDORNA",NULL,NULL,NULL,NULL,8674,7494,16168
"426","KOLDA","MEDINA YORO FOULAH","AR.NDORNA","BIGNARABE",NULL,NULL,NULL,NULL,4144,3622,7766
"427","KOLDA","MEDINA YORO FOULAH","AR.NDORNA","BOUROUCO",NULL,NULL,NULL,NULL,17511,17950,35461
"428","KOLDA","MEDINA YORO FOULAH","AR.NDORNA","KOULINTO",NULL,NULL,NULL,NULL,4519,4156,8675
"429","KOLDA","MEDINA YORO FOULAH","AR. NIAMING","DINGUIRAYE",NULL,NULL,NULL,NULL,9508,9006,18514
"430","KOLDA","MEDINA YORO FOULAH","AR. NIAMING","KEREWANE",NULL,NULL,NULL,NULL,21278,19752,41030
"431","KOLDA","MEDINA YORO FOULAH","AR. NIAMING","NIAMING",NULL,NULL,NULL,NULL,10258,9594,19852
"432","KOLDA","MEDINA YORO FOULAH","AR. NIAMING","COM. PATA",NULL,NULL,NULL,NULL,2131,2134,4265
"433","MATAM","MATAM","COM. MATAM","COM. MATAM",NULL,NULL,NULL,NULL,15537,12158,27695
"434","MATAM","MATAM","COM. OUROSSOGUI","COM. OUROSSOGUI",NULL,NULL,NULL,NULL,15830,11392,27222
"435","MATAM","MATAM","AR. AGNAM-CIVOL","AGNAM-CIVOL",NULL,NULL,NULL,NULL,17305,16053,33358
"436","MATAM","MATAM","AR. AGNAM-CIVOL","OREFONDE",NULL,NULL,NULL,NULL,13504,12295,25799
"437","MATAM","MATAM","AR. AGNAM-CIVOL","DABIA",NULL,NULL,NULL,NULL,15023,14174,29197
"438","MATAM","MATAM","AR. AGNAM-CIVOL","COM. NGUIDILOGNE",NULL,NULL,NULL,NULL,7635,6788,14423
"439","MATAM","MATAM","AR. AGNAM-CIVOL","COM. THILOGNE",NULL,NULL,NULL,NULL,8736,6308,15044
"440","MATAM","MATAM","AR. OGO","BOKIDIAWE",NULL,NULL,NULL,NULL,37816,35584,73400
"441","MATAM","MATAM","AR. OGO","NABADJI-CIVOL",NULL,NULL,NULL,NULL,37146,37909,75055
"442","MATAM","MATAM","AR. OGO","OGO",NULL,NULL,NULL,NULL,32892,32802,65694
"443","MATAM","KANEL","COM. KANEL","COM. KANEL",NULL,NULL,NULL,NULL,8290,6954,15244
"444","MATAM","KANEL","AR. ORKADIERE","BOKILADJI",NULL,NULL,NULL,NULL,22940,23224,46164
"445","MATAM","KANEL","AR. ORKADIERE","ORKADIERE",NULL,NULL,NULL,NULL,28414,27637,56051
"446","MATAM","KANEL","AR. ORKADIERE","AOURE",NULL,NULL,NULL,NULL,27595,28204,55799
"447","MATAM","KANEL","AR. ORKADIERE","COM. DEMBANCANE",NULL,NULL,NULL,NULL,2831,2950,5781
"448","MATAM","KANEL","AR. ORKADIERE","COM. ODOBERE",NULL,NULL,NULL,NULL,3892,3492,7384
"449","MATAM","KANEL","AR. ORKADIERE","COM. SEMME",NULL,NULL,NULL,NULL,4719,4494,9213
"450","MATAM","KANEL","AR. ORKADIERE","COM. WAOUNDE",NULL,NULL,NULL,NULL,4743,4633,9376
"451","MATAM","KANEL","AR. OURO SIDY","NDENDORY",NULL,NULL,NULL,NULL,25956,25009,50965
"452","MATAM","KANEL","AR. OURO SIDY","OURO SIDY",NULL,NULL,NULL,NULL,26573,26276,52849
"453","MATAM","KANEL","AR. OURO SIDY","COM. HAMADY OUNARE",NULL,NULL,NULL,NULL,6333,6313,12646
"454","MATAM","KANEL","AR. OURO SIDY","COM. SINTHIOU BAMANBE-BANADJI",NULL,NULL,NULL,NULL,10772,9276,20048
"455","MATAM","RANEROU FERLO","COM. RANEROU","COM. RANEROU",NULL,NULL,NULL,NULL,2496,2152,4648
"456","MATAM","RANEROU FERLO","AR. VELINGARA","LOUGRE-THIOLY",NULL,NULL,NULL,NULL,5710,5360,11070
"457","MATAM","RANEROU FERLO","AR. VELINGARA","VELINGARA",NULL,NULL,NULL,NULL,18543,16663,35206
"458","MATAM","RANEROU FERLO","AR. VELINGARA","OUDALAYE",NULL,NULL,NULL,NULL,26878,25423,52301
"459","KAFFRINE","KAFFRINE","COM. KAFFRINE","COM. KAFFRINE",NULL,NULL,NULL,NULL,29105,28202,57307
"460","KAFFRINE","KAFFRINE","AR. GNIBY","BOULEL",NULL,NULL,NULL,NULL,15494,14589,30083
"461","KAFFRINE","KAFFRINE","AR. GNIBY","GNIBY",NULL,NULL,NULL,NULL,10292,9486,19778
"462","KAFFRINE","KAFFRINE","AR. GNIBY","KAHI",NULL,NULL,NULL,NULL,14969,14246,29215
"463","KAFFRINE","KAFFRINE","AR. KATAKEL","DIOKOUL M’BELBOUCK",NULL,NULL,NULL,NULL,16398,17193,33591
"464","KAFFRINE","KAFFRINE","AR. KATAKEL","KATHIOTE",NULL,NULL,NULL,NULL,21829,22567,44396
"465","KAFFRINE","KAFFRINE","AR. KATAKEL","MEDINATOUL SALAM 2",NULL,NULL,NULL,NULL,13765,13863,27628
"466","KAFFRINE","KAFFRINE","AR. KATAKEL","DIAMAGADIO",NULL,NULL,NULL,NULL,11974,12446,24420
"467","KAFFRINE","KAFFRINE","AR. KATAKEL","COM. N’GANDA",NULL,NULL,NULL,NULL,6700,7669,14369
"468","KAFFRINE","BIRKELANE","COM. BIRKELANE","COM. BIRKELANE",NULL,NULL,NULL,NULL,5270,5621,10891
"469","KAFFRINE","BIRKELANE","AR. KEUR M’BOUKI","KEUR M’BOUKI",NULL,NULL,NULL,NULL,7280,6949,14229
"470","KAFFRINE","BIRKELANE","AR. KEUR M’BOUKI","TOUBA M’BELLA",NULL,NULL,NULL,NULL,7412,7002,14414
"471","KAFFRINE","BIRKELANE","AR. KEUR M’BOUKI","DIAMAL",NULL,NULL,NULL,NULL,8500,7276,15776
"472","KAFFRINE","BIRKELANE","AR. MABO","MABO",NULL,NULL,NULL,NULL,18694,17820,36514
"473","KAFFRINE","BIRKELANE","AR. MABO","N’DIOGNICK",NULL,NULL,NULL,NULL,22061,22388,44449
"474","KAFFRINE","BIRKELANE","AR. MABO","MBEULEUP",NULL,NULL,NULL,NULL,3603,3881,7484
"475","KAFFRINE","BIRKELANE","AR. MABO","SEGRE GATTA",NULL,NULL,NULL,NULL,3522,3785,7307
"476","KAFFRINE","KOUNGHEUL","COM. KOUNGHEUL","COM. KOUNGHEUL",NULL,NULL,NULL,NULL,14974,16175,31149
"477","KAFFRINE","KOUNGHEUL","AR. IDA MOURIDE","SALY ESCALE",NULL,NULL,NULL,NULL,17022,17112,34134
"478","KAFFRINE","KOUNGHEUL","AR. IDA MOURIDE","FASS THIEKENE",NULL,NULL,NULL,NULL,11283,12264,23547
"479","KAFFRINE","KOUNGHEUL","AR. IDA MOURIDE","IDA MOURIDE",NULL,NULL,NULL,NULL,16268,15267,31535
"480","KAFFRINE","KOUNGHEUL","AR. LOUR ESCALE","LOUR ESCALE",NULL,NULL,NULL,NULL,18057,16848,34905
"481","KAFFRINE","KOUNGHEUL","AR. LOUR ESCALE","RIBOT ESCALE",NULL,NULL,NULL,NULL,12386,10624,23010
"482","KAFFRINE","KOUNGHEUL","AR. MISSIRAH WADENE","GAINTHE PATHE",NULL,NULL,NULL,NULL,13248,12521,25769
"483","KAFFRINE","KOUNGHEUL","AR. MISSIRAH WADENE","MAKA YOP",NULL,NULL,NULL,NULL,9932,9496,19428
"484","KAFFRINE","KOUNGHEUL","AR. MISSIRAH WADENE","MISSIRAH WADENE",NULL,NULL,NULL,NULL,15502,14325,29827
"485","KAFFRINE","MALEM HODDAR","COM. MALEM HODDAR","COM. MALEM HODDAR",NULL,NULL,NULL,NULL,6047,6141,12188
"486","KAFFRINE","MALEM HODDAR","AR. DAROU MINAM II","DAROU MINAM II",NULL,NULL,NULL,NULL,11567,9734,21301
"487","KAFFRINE","MALEM HODDAR","AR. DAROU MINAM II","N’DIOUM  N’GAINTH",NULL,NULL,NULL,NULL,6611,6002,12613
"488","KAFFRINE","MALEM HODDAR","AR. DAROU MINAM II","KHELCOM",NULL,NULL,NULL,NULL,1811,23,1834
"489","KAFFRINE","MALEM HODDAR","AR. DAROU MINAM II","NDIOBENE SAMBA LAMO",NULL,NULL,NULL,NULL,4721,3860,8581
"490","KAFFRINE","MALEM HODDAR","AR. SAGNA","DIANKE SOUF",NULL,NULL,NULL,NULL,13045,12312,25357
"491","KAFFRINE","MALEM HODDAR","AR. SAGNA","SAGNA",NULL,NULL,NULL,NULL,26541,26834,53375
"492","KEDOUGOU","KEDOUGOU","COM. KEDOUGOU","COM. KEDOUGOU",NULL,NULL,NULL,NULL,31391,27840,59231
"493","KEDOUGOU","KEDOUGOU","AR. BANDAFASSI","BANDAFASSI",NULL,NULL,NULL,NULL,8356,7484,15840
"494","KEDOUGOU","KEDOUGOU","AR. BANDAFASSI","TOMBORONKOTO",NULL,NULL,NULL,NULL,10337,8023,18360
"495","KEDOUGOU","KEDOUGOU","AR. BANDAFASSI","DINDIFELO",NULL,NULL,NULL,NULL,3795,3795,7590
"496","KEDOUGOU","KEDOUGOU","AR. BANDAFASSI","NINEFECHA",NULL,NULL,NULL,NULL,4412,4303,8715
"497","KEDOUGOU","KEDOUGOU","AR. FONGOLEMBI","DIMBOLI",NULL,NULL,NULL,NULL,4536,4487,9023
"498","KEDOUGOU","KEDOUGOU","AR. FONGOLEMBI","FONGOLEMBI",NULL,NULL,NULL,NULL,2785,2722,5507
"499","KEDOUGOU","SALEMATA","COM. SALEMATA","COM. SALEMATA",NULL,NULL,NULL,NULL,3445,3267,6712
"500","KEDOUGOU","SALEMATA","AR. DAKATELI","DAKATELI",NULL,NULL,NULL,NULL,2421,2346,4767
"501","KEDOUGOU","SALEMATA","AR. DAKATELI","KEVOYE",NULL,NULL,NULL,NULL,2824,2735,5559
"502","KEDOUGOU","SALEMATA","AR. DAR  SALAM","DAR SALAM",NULL,NULL,NULL,NULL,2064,2101,4165
"503","KEDOUGOU","SALEMATA","AR. DAR  SALAM","ETHIOLO",NULL,NULL,NULL,NULL,2146,2164,4310
"504","KEDOUGOU","SALEMATA","AR. DAR  SALAM","OUBADJI",NULL,NULL,NULL,NULL,1231,1282,2513
"505","KEDOUGOU","SARAYA","COM. SARAYA","COM. SARAYA",NULL,NULL,NULL,NULL,2404,1981,4385
"506","KEDOUGOU","SARAYA","AR. BEMBOU","MEDINA BAFFE",NULL,NULL,NULL,NULL,5519,5224,10743
"507","KEDOUGOU","SARAYA","AR. BEMBOU","BEMBOU",NULL,NULL,NULL,NULL,15465,11355,26820
"508","KEDOUGOU","SARAYA","AR. SABODOLA","KHOSSANTO",NULL,NULL,NULL,NULL,6594,4582,11176
"509","KEDOUGOU","SARAYA","AR. SABODOLA","MISSIRAH SIRIMANA",NULL,NULL,NULL,NULL,12422,9293,21715
"510","KEDOUGOU","SARAYA","AR. SABODOLA","SABODALA",NULL,NULL,NULL,NULL,10110,7906,18016
"511","SEDHIOU","SEDHIOU","COM. SEDHIOU","COM. SEDHIOU",NULL,NULL,NULL,NULL,16083,15428,31511
"512","SEDHIOU","SEDHIOU","COM. MARSASSOUM","COM. MARSASSOUM",NULL,NULL,NULL,NULL,5004,4811,9815
"513","SEDHIOU","SEDHIOU","AR. DIENDE","DIENDE",NULL,NULL,NULL,NULL,8425,8278,16703
"514","SEDHIOU","SEDHIOU","AR. DIENDE","SAKAR",NULL,NULL,NULL,NULL,5778,5757,11535
"515","SEDHIOU","SEDHIOU","AR. DIENDE","DIANNAH BA",NULL,NULL,NULL,NULL,4594,4651,9245
"516","SEDHIOU","SEDHIOU","AR. DIENDE","KOUSSY",NULL,NULL,NULL,NULL,6693,6066,12759
"517","SEDHIOU","SEDHIOU","AR. DIENDE","OUDOUCAR",NULL,NULL,NULL,NULL,5983,5989,11972
"518","SEDHIOU","SEDHIOU","AR. DIENDE","SAMA KANTA PEULH",NULL,NULL,NULL,NULL,2254,2103,4357
"519","SEDHIOU","SEDHIOU","AR. DIENDE","COM. DIANAH MALARY",NULL,NULL,NULL,NULL,1645,1627,3272
"520","SEDHIOU","SEDHIOU","AR. DJIBABOUYA","BENET- BIJINI",NULL,NULL,NULL,NULL,7259,6557,13816
"521","SEDHIOU","SEDHIOU","AR. DJIBABOUYA","SANSAMBA",NULL,NULL,NULL,NULL,9250,8845,18095
"522","SEDHIOU","SEDHIOU","AR. DJIBABOUYA","DJIBABOUYA",NULL,NULL,NULL,NULL,3630,3215,6845
"523","SEDHIOU","SEDHIOU","AR. DJIREDJI","BAMBALI",NULL,NULL,NULL,NULL,10766,9658,20424
"524","SEDHIOU","SEDHIOU","AR. DJIREDJI","DJIREDJI",NULL,NULL,NULL,NULL,12192,10754,22946
"525","SEDHIOU","BOUNKILING","COM. BOUNKILING","COM. BOUNKILING",NULL,NULL,NULL,NULL,5026,4943,9969
"526","SEDHIOU","BOUNKILING","AR. BOGHAL","BOGHAL",NULL,NULL,NULL,NULL,9882,9679,19561
"527","SEDHIOU","BOUNKILING","AR. BOGHAL","TANKON",NULL,NULL,NULL,NULL,18037,16312,34349
"528","SEDHIOU","BOUNKILING","AR. BOGHAL","DJINANY",NULL,NULL,NULL,NULL,2588,2220,4808
"529","SEDHIOU","BOUNKILING","AR. BOGHAL","NDIAMALATHIEL",NULL,NULL,NULL,NULL,10147,10158,20305
"530","SEDHIOU","BOUNKILING","AR. BOGHAL","COM. NDIAMACOUTA",NULL,NULL,NULL,NULL,5632,5911,11543
"531","SEDHIOU","BOUNKILING","AR. BONA","BONA",NULL,NULL,NULL,NULL,4610,4270,8880
"532","SEDHIOU","BOUNKILING","AR. BONA","DIACOUNDA",NULL,NULL,NULL,NULL,4379,4079,8458
"533","SEDHIOU","BOUNKILING","AR. BONA","INOR",NULL,NULL,NULL,NULL,6529,5726,12255
"534","SEDHIOU","BOUNKILING","AR. BONA","KANDION MANGANA",NULL,NULL,NULL,NULL,1283,1098,2381
"535","SEDHIOU","BOUNKILING","AR. DIAROUME","DIAROUME",NULL,NULL,NULL,NULL,12604,11114,23718
"536","SEDHIOU","BOUNKILING","AR. DIAROUME","DIAMBATY",NULL,NULL,NULL,NULL,7328,7192,14520
"537","SEDHIOU","BOUNKILING","AR. DIAROUME","FAOUNE",NULL,NULL,NULL,NULL,9735,8859,18594
"538","SEDHIOU","BOUNKILING","AR. DIAROUME","COM. MADINA WANDIFA",NULL,NULL,NULL,NULL,9539,8992,18531
"539","SEDHIOU","GOUDOMP","COM. GOUDOMP","COM. GOUDOMP",NULL,NULL,NULL,NULL,8137,7856,15993
"540","SEDHIOU","GOUDOMP","AR. DJIBANAR","DJIBANAR",NULL,NULL,NULL,NULL,6296,5869,12165
"541","SEDHIOU","GOUDOMP","AR. DJIBANAR","KAOUR",NULL,NULL,NULL,NULL,2953,2748,5701
"542","SEDHIOU","GOUDOMP","AR. DJIBANAR","MANGAROUNGOU SANTO",NULL,NULL,NULL,NULL,7029,6660,13689
"543","SEDHIOU","GOUDOMP","AR. DJIBANAR","SIMBADI BALANTE",NULL,NULL,NULL,NULL,11765,11472,23237
"544","SEDHIOU","GOUDOMP","AR. DJIBANAR","YARANG BALANTE",NULL,NULL,NULL,NULL,8076,7804,15880
"545","SEDHIOU","GOUDOMP","AR. DJIBANAR","COM. DIATTACOUNDA",NULL,NULL,NULL,NULL,2512,2437,4949
"546","SEDHIOU","GOUDOMP","AR. DJIBANAR","COM. SAMINE",NULL,NULL,NULL,NULL,3416,3116,6532
"547","SEDHIOU","GOUDOMP","AR. KARANTABA","KARANTABA",NULL,NULL,NULL,NULL,9558,9357,18915
"548","SEDHIOU","GOUDOMP","AR. KARANTABA","KOLIBANTANG",NULL,NULL,NULL,NULL,6590,6280,12870
"549","SEDHIOU","GOUDOMP","AR. SIMBANDI BRASSOU","NIAGHA",NULL,NULL,NULL,NULL,7355,7375,14730
"550","SEDHIOU","GOUDOMP","AR. SIMBANDI BRASSOU","SIMBANDI BRASSOU",NULL,NULL,NULL,NULL,8333,7969,16302
"551","SEDHIOU","GOUDOMP","AR. SIMBANDI BRASSOU","BAGHERE",NULL,NULL,NULL,NULL,6727,6765,13492
"552","SEDHIOU","GOUDOMP","AR. SIMBANDI BRASSOU","DIOUBOUDOU",NULL,NULL,NULL,NULL,3480,3479,6959
"553","SEDHIOU","GOUDOMP","AR. SIMBANDI BRASSOU","COM. TANAFF",NULL,NULL,NULL,NULL,3479,3204,6683
